text,workout_type,source,video_title,channel,likes,date,video_id,author,word_count,spam
SO I GUESS EVERYONE IS WORKING OUT TO BE A BODY BUILDER 😂😂😂WOW OK 😅😅😅😢😢😮,gym,youtube,BEST 5 DAY WORKOUT SPLIT,Shulk,0,2026-03-05,3leNrtwGdOM,@alphibarnette2081,15,False
best 5 day splöit is no split or gear yourself up bcz a normal body will not recover properly no matter how good u plan the excercies your performance will suffe,gym,youtube,BEST 5 DAY WORKOUT SPLIT,Shulk,0,2026-03-01,3leNrtwGdOM,@TheL4r5,31,False
Does this give better gains I normally just train chest shoulders leg back all on separate days ?,gym,youtube,BEST 5 DAY WORKOUT SPLIT,Shulk,0,2026-02-28,3leNrtwGdOM,@f103a03,18,False
"Mine is 
Push - Chest, Shoulders,Triceps
Pull - Back, Biceps Forearms, neck&traps
Legs - quads, hamstring, calves
×2 a week and rest",gym,youtube,BEST 5 DAY WORKOUT SPLIT,Shulk,0,2026-02-20,3leNrtwGdOM,@DewaldDupreez-l1l,22,False
"1. Legs quads 
2. Chest/shoulder/tris
3. Back bis
4 rest
5 Legs = hammies/°back
6. Shoulders chest tris",gym,youtube,BEST 5 DAY WORKOUT SPLIT,Shulk,0,2026-02-15,3leNrtwGdOM,@godsandmonstars,18,False
"Bruh if you can still hit upper body after hitting arms, your arm training is trash.",gym,youtube,BEST 5 DAY WORKOUT SPLIT,Shulk,0,2026-01-29,3leNrtwGdOM,@Hxllxwood,16,False
"Day 1: Test 
Day 2: Tren
Day 3: Clen
Day 4: Anavar 
Day 5: Winstrol",gym,youtube,BEST 5 DAY WORKOUT SPLIT,Shulk,1,2026-01-28,3leNrtwGdOM,@NightmareChronicles77,15,False
"I don’t like having scheduled days for what I’m hitting it gets boring so I’m just now starting to do it like legs 2x week , chest 4x per week ,bicep & tricep 4x per week , back 3x per week ,abs 3x per week ,shoulders 3x per week , heavy bag 3x per week for conditioning ,on days I’m not doing chest I’ll still do 50 pushups",gym,youtube,BEST 5 DAY WORKOUT SPLIT,Shulk,0,2026-01-17,3leNrtwGdOM,@keanu.3,68,False
"My day 1 chest tricep
Day 2      back bicep
Day 3      leg shoulder
Day 4.     Follow the above same pattern",gym,youtube,BEST 5 DAY WORKOUT SPLIT,Shulk,0,2026-01-12,3leNrtwGdOM,@Tcfdfx,20,False
"Too much work. I prefer 
Day 1 McDonald’s
Day 2 kfc
Day 3 Taco Bell
Day 4 Pizza Hut 
Day 5 in n out",gym,youtube,BEST 5 DAY WORKOUT SPLIT,Shulk,0,2026-01-06,3leNrtwGdOM,@dominicclesceri5627,24,False
This is what I plan to do expect every 4th day is a rest day,gym,youtube,BEST 5 DAY WORKOUT SPLIT,Shulk,0,2025-12-29,3leNrtwGdOM,@Dontbreakyoneck,15,False
Hitting gym after a long break. Have never consistently been to gym in my life. I'm 33 and have a skinny fat kinda physic. Will update after a month from now and every month from there till end of the year atleast. Hopefully 😂,gym,youtube,The Best Workout Routine for Complete Beginners  **BUILD MUSCLE &amp; LOSE FAT**,Joe Delaney,0,2026-02-26,3PMrt-1WDaI,@vysakhgangadharan,44,False
"For flat dumbell chest press, can I do machine chest press instead? For incline dumbbell row, can I instead do seated machine row? Seated Machine shoulder press instead of overhead bar press, lat pull-down instead of pull-ups ?",gym,youtube,The Best Workout Routine for Complete Beginners  **BUILD MUSCLE &amp; LOSE FAT**,Joe Delaney,0,2026-02-21,3PMrt-1WDaI,@medrecbro,38,False
"i'm so tired of trying to figure out where to start with working out, it's overwhelming. i've been using fitness copilot lately and it's been kinda nice, everyone keeps talking about it so i thought i'd give it a shot. i just type what i want to achieve and it handles the rest, saves me from overthinking everything.",gym,youtube,The Best Workout Routine for Complete Beginners  **BUILD MUSCLE &amp; LOSE FAT**,Joe Delaney,0,2026-02-15,3PMrt-1WDaI,@ericjoshua-i1f,58,False
Day 1 done first time I felt like I did actual workout I'll follow this routine,gym,youtube,The Best Workout Routine for Complete Beginners  **BUILD MUSCLE &amp; LOSE FAT**,Joe Delaney,1,2026-02-02,3PMrt-1WDaI,@shubh3603,16,False
This guy sounds like hes a mix of British and Danish.,gym,youtube,The Best Workout Routine for Complete Beginners  **BUILD MUSCLE &amp; LOSE FAT**,Joe Delaney,0,2026-01-26,3PMrt-1WDaI,@Kalvis1,11,False
"lot of workout for begginers in youtube and every single one is completly diffrent omg , i don't even know what to do now",gym,youtube,The Best Workout Routine for Complete Beginners  **BUILD MUSCLE &amp; LOSE FAT**,Joe Delaney,1,2026-01-19,3PMrt-1WDaI,@yyonix93,24,False
My cheap gym doesnt have those legs and vertical gym machine :|,gym,youtube,The Best Workout Routine for Complete Beginners  **BUILD MUSCLE &amp; LOSE FAT**,Joe Delaney,0,2026-01-19,3PMrt-1WDaI,@MMR-oh4jt,12,False
Day 1 of training after 3 years. Wanna look good for my wedding end of the year,gym,youtube,The Best Workout Routine for Complete Beginners  **BUILD MUSCLE &amp; LOSE FAT**,Joe Delaney,0,2026-01-10,3PMrt-1WDaI,@phenomenonnarutokun,17,False
Is there something I could swap the pec decs out  with? I don’t have one.,gym,youtube,The Best Workout Routine for Complete Beginners  **BUILD MUSCLE &amp; LOSE FAT**,Joe Delaney,0,2026-01-07,3PMrt-1WDaI,@gagebullock7357,15,False
"I train nearly every day doing swim bike and run. I'm looking to add some gym work to replace my limited at home sessions, but I'm only looking to do 2 days ideally. Could the leg day be combined with one of the others to make it a 2 day  schedule?",gym,youtube,The Best Workout Routine for Complete Beginners  **BUILD MUSCLE &amp; LOSE FAT**,Joe Delaney,1,2026-01-04,3PMrt-1WDaI,@tommartin6062,51,False
"Hey Joe, I finished the Day 1 workout and it went really well. Thank you so much for helping me start my gym journey — I really appreciate it. I was thinking ahead and wanted to ask if you have (or recommend) an intermediate workout video for when I get stronger, or if I want to switch things up with different exercises. Thanks again for everything",gym,youtube,The Best Workout Routine for Complete Beginners  **BUILD MUSCLE &amp; LOSE FAT**,Joe Delaney,0,2026-01-03,3PMrt-1WDaI,@AaronAtCow,66,False
It was my first time doing it absolutely loved it! I used to think gym is hard but the more you do the less it seems hard,gym,youtube,The Best Workout Routine for Complete Beginners  **BUILD MUSCLE &amp; LOSE FAT**,Joe Delaney,0,2025-12-31,3PMrt-1WDaI,@TapXStation,27,False
"@JoeDelaneyy, using that routine, what days would you recommend for fitting in some cardio?",gym,youtube,The Best Workout Routine for Complete Beginners  **BUILD MUSCLE &amp; LOSE FAT**,Joe Delaney,0,2025-12-26,3PMrt-1WDaI,@Jteroleto,14,False
"For the 5 day routine, would you suggest lowering the number of sets to 3 instead of 4",gym,youtube,The Best Workout Routine for Complete Beginners  **BUILD MUSCLE &amp; LOSE FAT**,Joe Delaney,0,2025-12-25,3PMrt-1WDaI,@birdy8406,18,False
This workout plan i been using for a few months and I think it's amazing easy to do a effective.,gym,youtube,The Best Workout Routine for Complete Beginners  **BUILD MUSCLE &amp; LOSE FAT**,Joe Delaney,4,2025-12-17,3PMrt-1WDaI,@realafah_,20,False
How many sets and reps should we do for these exercises?,gym,youtube,The Best Workout Routine for Complete Beginners  **BUILD MUSCLE &amp; LOSE FAT**,Joe Delaney,0,2025-12-15,3PMrt-1WDaI,@adamhasan9290,11,False
This Ultimate Gym Workout Mix just helped me add 10lbs to my deadlift PR! Pure fire! 🔥,gym,youtube,The Best Workout Routine for Complete Beginners  **BUILD MUSCLE &amp; LOSE FAT**,Joe Delaney,0,2025-12-12,3PMrt-1WDaI,@GymPumpPlaylist,17,False
"Honestly this has to be one of the best videos ive seen for any beginner, im not a beginner but still see myself as a beginner as i have started and stopped so many times over the years so love looking at videos for ideas on new splits/routines. This is by far the best gym video ive seen. Simple and effective advice with a routine that sounds perfect, will definitely be giving this a go. Thanks very much for the advice its so hard to get through the bullshit online and theres none here at all.",gym,youtube,The Best Workout Routine for Complete Beginners  **BUILD MUSCLE &amp; LOSE FAT**,Joe Delaney,3,2025-12-10,3PMrt-1WDaI,@madmike1010,96,False
Such an informative video thanks bro!! I am barely a day 1 beginner in the gym so this video is exactly what I was looking for. A realistic plan to follow for a week 👍,gym,youtube,The Best Workout Routine for Complete Beginners  **BUILD MUSCLE &amp; LOSE FAT**,Joe Delaney,0,2025-12-09,3PMrt-1WDaI,@navp8017,35,False
"If curious how much weight he demonstrated in this video, I noted them down, some are just guesses as I don't know exact brick weight, since most machines use 10 lbs per brick I assume the same here.

Day 1:
1. Flat DB press - 30kg each hand, 60kg total.
2. Incline DB row - 30kg each hand, 60kg total.
3. Chest Fly Machine - Level 8 on the bricks, probably 80 pounds / 36kg.
4. Reverse Fly / Reverse Pec Deck - Level 6 on the bricks, probably 60 pounds / 27kg.
5. DB Curls - 12kg each hand, 24kg total.

Day 2:
1. Leg Press Sled Machine - 105kg on each side, total 210kg. 
2. Seated Leg Curl - Level 8 on brick, probably 80 pounds / 36kg.
3. Leg Extension - Level 8 on brick, probably 80 pounds / 36kg.
4. Standing Calf Raise - Level 7 on brick, 70 pounds / 31.5kg.
5. Hyperextension - Bodyweight only.

Day 3:
1. Assisted Pullup.
2. Seated Smith Machine - 10kg each side, the smith bar probably 10kg, bringing total 30kg.
3. Cable Straight Arm Pulldown - Level 11 on brick, probably 110 pounds / 50kg.
4. Lateral Raise Machine - Level 7 on brick, 70 pounds / 31.5kg.
5. Rope Overhead Tricep Extension - Level 7 on brick, 70 pounds / 31.5kg.",gym,youtube,The Best Workout Routine for Complete Beginners  **BUILD MUSCLE &amp; LOSE FAT**,Joe Delaney,0,2025-12-08,3PMrt-1WDaI,@AnonymousTOTW,224,False
How do i know what weight is right for these? I know everyone is different so getting an actual number wont work for everyone. But how should it feel? Should the first set feel easy?,gym,youtube,The Best Workout Routine for Complete Beginners  **BUILD MUSCLE &amp; LOSE FAT**,Joe Delaney,0,2025-12-07,3PMrt-1WDaI,@tmaduct5,35,False
Do you have any alternative of workouts that use gym tools for me that's do it at home and doesn't have any of those tools?,gym,youtube,The Best Workout Routine for Complete Beginners  **BUILD MUSCLE &amp; LOSE FAT**,Joe Delaney,0,2025-12-05,3PMrt-1WDaI,@Aseligaes,25,False
Bro is concocting a potion to bring back Lord Voldemort 🙏,gym,youtube,The BEST Upper Body Exercises,Davis Diley,0,2026-02-21,wCi78-7lQr0,@avisharma4836,11,False
This a great breakdown thanks for the video brother stay blessed !,gym,youtube,The BEST Upper Body Exercises,Davis Diley,0,2026-02-09,wCi78-7lQr0,@SosaTee-w5d,12,False
"This video is intensively strong, I'm going to the gym now because of this video to do the 0:16 brachioradialis; reverse easy bars, no question.",gym,youtube,The BEST Upper Body Exercises,Davis Diley,1,2026-01-22,wCi78-7lQr0,@iffythegoldencrust4255,25,False
"Wait you do forearms ??
I thought just your editing excellence is enough to grow them massive 
Goated shorts and info as always ❤",gym,youtube,The BEST Upper Body Exercises,Davis Diley,0,2025-12-27,wCi78-7lQr0,@modroidmiraf5321,24,False
Idk if any of yall would be able to help or give advice on this but recently when I play basketball (I’m center or power forward if that changes anything) during the later portion it after games and practice I will start to have mid to lower back pain that lingers for a few days so if yall got anything to help appreciate if you could let me know yall have a blessed day,gym,youtube,The BEST Upper Body Exercises,Davis Diley,0,2025-12-15,wCi78-7lQr0,@AidanDiebold-u8l,74,False
"Db curls? Nah you need a better stretch to grow the bicep, preacher curls are the way.",gym,youtube,The BEST Upper Body Exercises,Davis Diley,0,2025-12-13,wCi78-7lQr0,@Brooklyn718Pit,17,False
"In case you missed it, I just launched my new Pure Bodybuilding program this week and it's still 20% off this weekend. This is one of the workouts in the Full Body version of the program and there is also a Pull/Pull/Legs and Upper/Lower version available! If you're looking for a routine purely dedicated to hypertrophy training, check it out at jeffnippard.com!",gym,youtube,My New Science-Based Full Body Workout For Pure Bodybuilding,Jeff Nippard,1159,2023-11-11,czkGj5vJEFQ,@JeffNippard,62,False
can anyone tell me why it's happening to me. like I do chest day but after that I feel and see more pump or size on the left chest (I'm right handed) so I have to do some extra reps on the right to balance it . and also I feel more muscle activation on the left chest while doing incline dumbbell press. but why?,gym,youtube,My New Science-Based Full Body Workout For Pure Bodybuilding,Jeff Nippard,0,2026-03-04,czkGj5vJEFQ,@Saii-yo,65,False
Any chance of posting a 3x a week full body workout? Please,gym,youtube,My New Science-Based Full Body Workout For Pure Bodybuilding,Jeff Nippard,0,2026-02-25,czkGj5vJEFQ,@cnlagamo10,12,False
If there are “missing muscles” then it’s not “full body day”.,gym,youtube,My New Science-Based Full Body Workout For Pure Bodybuilding,Jeff Nippard,0,2026-02-25,czkGj5vJEFQ,@Delkomo,11,False
Nahh the incline clip makes him look like a buff midget😂😂,gym,youtube,My New Science-Based Full Body Workout For Pure Bodybuilding,Jeff Nippard,0,2026-02-11,czkGj5vJEFQ,@fitnessffinessed,11,False
"If I saw a man in my gym doing any of these besides the leg press, I’d probably beat the 💩 outta him. Just on principle",gym,youtube,My New Science-Based Full Body Workout For Pure Bodybuilding,Jeff Nippard,1,2026-01-09,czkGj5vJEFQ,@balooojeffersong4234,26,False
Blue we skipped 90 % of the body this ain't full body this is quarter body,gym,youtube,My New Science-Based Full Body Workout For Pure Bodybuilding,Jeff Nippard,1,2025-12-09,czkGj5vJEFQ,@ace.d.firefist,16,False
"So easy to put on mas when you're only 5'5. 
His 8 million followers should be enough weight for him.",gym,youtube,My New Science-Based Full Body Workout For Pure Bodybuilding,Jeff Nippard,0,2025-12-04,czkGj5vJEFQ,@that417,20,False
If there is one thing I’ve learned from Jeff it’s zero consistent workout routines. Dudes all over the place.,gym,youtube,My New Science-Based Full Body Workout For Pure Bodybuilding,Jeff Nippard,0,2025-12-04,czkGj5vJEFQ,@Sttonkeoj,19,False
Just started a new job where I’ll be working 13 hours five days a week. Definitely gonna use this!,gym,youtube,My New Science-Based Full Body Workout For Pure Bodybuilding,Jeff Nippard,0,2025-11-22,czkGj5vJEFQ,@RateMyRoutine,19,False
"""Leg press - you can push super hard without causing tons of fatigue"" 
Really?! 🤔 Not sure if we push super hard in that case.",gym,youtube,My New Science-Based Full Body Workout For Pure Bodybuilding,Jeff Nippard,0,2025-11-16,czkGj5vJEFQ,@wiss4353,25,False
Can I ask why you choose an ab exercise with little stretch to the abs??,gym,youtube,My New Science-Based Full Body Workout For Pure Bodybuilding,Jeff Nippard,1,2025-11-03,czkGj5vJEFQ,@evangraybill7644,15,False
How is smith bench safer to fail than freeweight? At least with freeweight you could roll the weight off if you fail without spotter. On smith machine you just get pinned.,gym,youtube,My New Science-Based Full Body Workout For Pure Bodybuilding,Jeff Nippard,0,2025-10-28,czkGj5vJEFQ,@VynnWav,31,False
How is this science based 😂 anyone can go in the gym and assume to do these,gym,youtube,My New Science-Based Full Body Workout For Pure Bodybuilding,Jeff Nippard,0,2025-10-27,czkGj5vJEFQ,@AB-uv2ho,17,False
Hip adductors is the shittiest and the most useless excersise in the gym,gym,youtube,My New Science-Based Full Body Workout For Pure Bodybuilding,Jeff Nippard,0,2025-10-23,czkGj5vJEFQ,@harleybowers2335,13,False
"""Any missing muscles."" What? This is a full body workout meaning all muscles I thought.",gym,youtube,My New Science-Based Full Body Workout For Pure Bodybuilding,Jeff Nippard,1,2025-10-22,czkGj5vJEFQ,@ScottMalkinsonisW,15,False
Is it ok to do this same workout every time I workout?,gym,youtube,My New Science-Based Full Body Workout For Pure Bodybuilding,Jeff Nippard,0,2025-10-12,czkGj5vJEFQ,@rorenplays5982,12,False
"Monday - chest.  ,trice. , shoulders 
Tuesday - back and biceps
Wednesday - leg and abs
Thursday - shoulders and arms",gym,youtube,4 Day Workout Routine 🦾,Hussein,0,2026-03-09,2sasCsWHzO4,@xaddo.-gaming,21,False
What if I want to add another leg day in but I only have 4 days (I work weekend/nights,gym,youtube,4 Day Workout Routine 🦾,Hussein,0,2026-02-26,2sasCsWHzO4,@igrim_x_x4062,19,False
i bet all the chuds in this comment section will never have the work ethic to achieve his physique even if they have twice the amount of 'gear' they claim him to do,gym,youtube,4 Day Workout Routine 🦾,Hussein,0,2026-02-13,2sasCsWHzO4,@chicopatata33,33,False
"I think the best split goes something like this
Monday: Legs
Tuesday: Push
Wednesday: Pull
Thursday: Legs
Friday: Rest
Saturday: Upper
Sunday: Rest

Repeat",gym,youtube,4 Day Workout Routine 🦾,Hussein,0,2026-02-06,2sasCsWHzO4,@EthanConstantinescu-nl1nz,24,False
"How does ""arms"" differ from biceps or triceps? Referring to day 4.",gym,youtube,4 Day Workout Routine 🦾,Hussein,0,2026-01-04,2sasCsWHzO4,@hotant522,12,False
I need the arms and shoulders day full workout if someone has it,gym,youtube,4 Day Workout Routine 🦾,Hussein,0,2025-12-23,2sasCsWHzO4,@Kaze-r8f,13,False
For the 4th day since we doing arms will back and chest get limited?,gym,youtube,4 Day Workout Routine 🦾,Hussein,0,2025-12-17,2sasCsWHzO4,@zayaanhasssen10,14,False
4th day should be FBW to target every muscle 2 times a week (legs and abs also),gym,youtube,4 Day Workout Routine 🦾,Hussein,0,2025-12-07,2sasCsWHzO4,@okon7464,17,False
"more gear than last time cuz he couldnt do it without 
cheater and a liar
juicer from day 1",gym,youtube,4 Day Workout Routine 🦾,Hussein,0,2025-11-17,2sasCsWHzO4,@mikkeljensen6303,19,False
"I just started working out 5 or 6 weeks ago, and I have been doing all these in one day, every day, so should I keep doing it like that or do it like this? I don't know what to do, so can someone tell me if its better to do a workout routine or all of them at once in one day.",gym,youtube,4 Day Workout Routine 🦾,Hussein,0,2025-11-08,2sasCsWHzO4,@PositiveScriptures,63,False
2 days full body training 4 days martial arts 1 day light training or rest.,gym,youtube,4 Day Workout Routine 🦾,Hussein,0,2025-10-26,2sasCsWHzO4,@blake8666,15,False
"youre so beautiful so dont listen to anyone saying youre too skinny. you arent to skinny, youre just really beautiful :)",gym,youtube,how my journey started with inspiration from anime #gymgirl #gym #gymmotivation,breadman,0,2026-03-08,FDpnYOqC1Jw,@edelweiss-,21,False
Im 14 and I workout daily every morning because it makes me feel energized during the day and it also feels like a big accomplishment in my day,gym,youtube,how my journey started with inspiration from anime #gymgirl #gym #gymmotivation,breadman,0,2026-03-03,FDpnYOqC1Jw,@DefneCokuk-h9c,28,False
"🙋🏻‍♀️ Not “skinny” but definitely weak. Glad I found your channel. I’m an endurance athlete and I never focused on weights, but after having my first baby, he is growing so quickly that it’s physically hurting me to carry him around for too long.
Going back to the gym after Ramadan ends to build that muscle ❤",gym,youtube,how my journey started with inspiration from anime #gymgirl #gym #gymmotivation,breadman,0,2026-02-25,FDpnYOqC1Jw,@Kel.eclair,57,False
"I mean... Mikasa is literally designed to have better genes than the average person when they're activated (so they have a genetic advantage) but to be fair, that was explored in Season 3.",gym,youtube,how my journey started with inspiration from anime #gymgirl #gym #gymmotivation,breadman,0,2026-02-23,FDpnYOqC1Jw,@marxvargas7697,33,False
"My reason was that I wasn’t happy being thin either and I used unhealthy and disordered methods to maintain it. 

I started working out because achieving goals and pursuing the hobby along with the feeling of wanting to become better. I was around weight lifting from an early age but never thought it was for me, I was so wrong. The endorphins alone are amazing they make my day, seeing new PR makes me feel progress.

I’d rather lift heavy weight and feel strong than be sad and starved.",gym,youtube,how my journey started with inspiration from anime #gymgirl #gym #gymmotivation,breadman,0,2026-02-23,FDpnYOqC1Jw,@onihoneys,89,False
Imagine working out for years and never looking like you've touched a weight. This is a woman's life. Thank God you were born a man.,gym,youtube,how my journey started with inspiration from anime #gymgirl #gym #gymmotivation,breadman,0,2026-02-18,FDpnYOqC1Jw,@tullythebully5539,25,False
"I got you 😂. I was inspired by mikasa too 😂. But now , i want just to look healthy and look better🤧 . And a bit influenced by Vi and Ambessa 😂😂😂",gym,youtube,how my journey started with inspiration from anime #gymgirl #gym #gymmotivation,breadman,0,2026-02-15,FDpnYOqC1Jw,@Kirayl_the_alt_christian,33,False
"My reason was initially to get a gf. I hate being alone. I ended up loving the weights. Like, I could die from lifting, and still love it. I was a very slothful, lustful, and glutinous kid. I didn't even try in anything. Quit EVERYTHING. I hate that person. Nowadays, while I've grown massively, starting out from benching the bar to 315. Not being able to sqaut with a bar, to squatting 315 for reps. And deadlifting 500+. Probably my biggest achievement, though, is losing 110 lbs. I'm just at peace knowing I ain't a quitter no more. That ain't me. God bless.",gym,youtube,how my journey started with inspiration from anime #gymgirl #gym #gymmotivation,breadman,1,2026-02-05,FDpnYOqC1Jw,@Th3ßatman,103,False
"and now you went full circle and became an inspiration to us, congratulations!! keep it up!",gym,youtube,how my journey started with inspiration from anime #gymgirl #gym #gymmotivation,breadman,0,2026-02-03,FDpnYOqC1Jw,@Zappison,16,False
"As soon as she said "" Attack on Titan "" I hit the like button 😎",gym,youtube,how my journey started with inspiration from anime #gymgirl #gym #gymmotivation,breadman,0,2026-02-02,FDpnYOqC1Jw,@teddy-joeflouty6038,16,False
Very similar to you. I was so skinny up until recently that people used to tell me “I could eat soup out of your collarbones.,gym,youtube,how my journey started with inspiration from anime #gymgirl #gym #gymmotivation,breadman,0,2026-02-01,FDpnYOqC1Jw,@Krimchin,25,False
Mikasa got me into this too. Now I can do 100 sit ups. 40 with weight,gym,youtube,how my journey started with inspiration from anime #gymgirl #gym #gymmotivation,breadman,0,2026-02-01,FDpnYOqC1Jw,@maryscott532,16,False
"I love seeing people train because of anime, the OG dragonball training arc with goku kulilin and roshi is what got me into extremely intense training sessions.",gym,youtube,how my journey started with inspiration from anime #gymgirl #gym #gymmotivation,breadman,0,2026-01-31,FDpnYOqC1Jw,@Gong-Fu_Hermit,27,False
"Still not stronger than a man, hate how theres a gender war to be the strongest or which is better.",gym,youtube,how my journey started with inspiration from anime #gymgirl #gym #gymmotivation,breadman,0,2026-01-30,FDpnYOqC1Jw,@JustinTurdoCastro420,20,False
Mikasa was/it's my goal too! I just couldn't help myself when I saw such a strong and powerful female character. She is incredible and so are you!,gym,youtube,how my journey started with inspiration from anime #gymgirl #gym #gymmotivation,breadman,0,2026-01-29,FDpnYOqC1Jw,@clazuoo,27,False
My reason for not working out is that I'm lazy and I lack the motivation to do it for myself.,gym,youtube,how my journey started with inspiration from anime #gymgirl #gym #gymmotivation,breadman,0,2026-01-29,FDpnYOqC1Jw,@jeffreymurillo3131,20,False
No wayyy I just finished Attack on Titan and Mikasa inspired me to get fit too!! I've been underweight my whole life and I'm starting to see some progress 🧡,gym,youtube,how my journey started with inspiration from anime #gymgirl #gym #gymmotivation,breadman,0,2026-01-29,FDpnYOqC1Jw,@mycatwinona,30,False
"Ah yes, the invisible camera technique i haven't used since the heian era..",gym,youtube,I made them SHOCKED 💀 (The end 🤯) #calisthenics #motivation #gym #gymmotivation #streetworkout,Alexandrosthenics,0,2026-03-09,WDyPos9W3cM,@AdemRyuma-vl4xb,13,False
Wow you just happened to have your phone angled on them while trying to do that and then your happened to walk in the room and happened to show off 🙏💔✌️😒,gym,youtube,I made them SHOCKED 💀 (The end 🤯) #calisthenics #motivation #gym #gymmotivation #streetworkout,Alexandrosthenics,0,2026-03-08,WDyPos9W3cM,@CoolMathGames.Edu_learn,31,False
If you just walked in how did you get the camera there already 🤨,gym,youtube,I made them SHOCKED 💀 (The end 🤯) #calisthenics #motivation #gym #gymmotivation #streetworkout,Alexandrosthenics,0,2026-03-08,WDyPos9W3cM,@Codisthegoat,14,False
The foot touch was diabolical and the hand in pocket was so nonchalant…,gym,youtube,I made them SHOCKED 💀 (The end 🤯) #calisthenics #motivation #gym #gymmotivation #streetworkout,Alexandrosthenics,1,2026-03-08,WDyPos9W3cM,@Dogggarecute1,13,False
Bro is that all u can do? A one arm handstand,gym,youtube,I made them SHOCKED 💀 (The end 🤯) #calisthenics #motivation #gym #gymmotivation #streetworkout,Alexandrosthenics,0,2026-03-08,WDyPos9W3cM,@SarahBell-n1x,11,False
If he just walk in how tf his phone get there magically,gym,youtube,I made them SHOCKED 💀 (The end 🤯) #calisthenics #motivation #gym #gymmotivation #streetworkout,Alexandrosthenics,0,2026-03-08,WDyPos9W3cM,@JasonIngramisgoated,12,False
"dude*(i think this is fake im dreamin) "" touches foot to check"" welp hes real",gym,youtube,I made them SHOCKED 💀 (The end 🤯) #calisthenics #motivation #gym #gymmotivation #streetworkout,Alexandrosthenics,0,2026-03-08,WDyPos9W3cM,@AbrielleEiseman,15,False
Que basura de video con voz IA?? que notivacion es esa,gym,youtube,"NO MORE EXCUSES, TIME TO CONQUER - Gym Motivation 🤬",Gym League,0,2026-03-02,HI7TKeck_YI,@mauricioc5311,11,False
This track hits HARD — perfect for pushing that last set.,gym,youtube,"NO MORE EXCUSES, TIME TO CONQUER - Gym Motivation 🤬",Gym League,2,2025-11-16,HI7TKeck_YI,@GymBeatsMix,11,False
This beat hits hard! 🔥 Robert Gym Beats would vibe perfectly with this energy.,gym,youtube,"NO MORE EXCUSES, TIME TO CONQUER - Gym Motivation 🤬",Gym League,0,2025-11-09,HI7TKeck_YI,@GymBeatsMix,14,False
"I felt so drained and tired everday. I tried everything, preworkouts, youtube gurus, morning routines that nearly killed me. none of it hit. then i saw someone mention Testosterone Rewired by David Brooks in the comments and it literally changed my life. Following everything in that book past couple of weeks made me realize I was running on empty for YEARS. wish I knew about this years ago🔥",gym,youtube,"NO MORE EXCUSES, TIME TO CONQUER - Gym Motivation 🤬",Gym League,12,2025-07-17,HI7TKeck_YI,@ShahnazAbbasi-y2d,68,False
"not gonna lie, i felt numb for months. like i was just surviving, not really living. then someone dropped Testosterone Rewired by David Brooks in a yt comment and i gave it a shot. bro… this book gave me my edge back. not by yelling at me to hustle, but by showing me how to fix my foundation. life hits different now.",gym,youtube,"NO MORE EXCUSES, TIME TO CONQUER - Gym Motivation 🤬",Gym League,0,2025-07-17,HI7TKeck_YI,@KaranmedaMeda-z7h,62,False
"If you’ve been wondering why you’re not feeling as strong, motivated, or sharp as you used to, Testosterone Rewired by David Brooks might just have the answers. The book focuses on the power of testosterone and how increasing it can seriously transform your health and mindset. If you’re tired of feeling drained or out of balance, this book offers some solid advice on how to get back to your peak",gym,youtube,"NO MORE EXCUSES, TIME TO CONQUER - Gym Motivation 🤬",Gym League,0,2025-07-17,HI7TKeck_YI,@gouravkatariya8336,70,False
"Tried all the hacks. ice baths, preworkouts, even dopamine detoxes. none of it clicked. I felt so tired everyday. then someone dropped Testosterone Rewired by David Brooks in a comment and I checked it out. been locked in ever since. no hype, just clarity. wild how long I was running on fumes.🔥",gym,youtube,"NO MORE EXCUSES, TIME TO CONQUER - Gym Motivation 🤬",Gym League,0,2025-07-17,HI7TKeck_YI,@ShahilShahil-g2p,52,False
I ❤ my stretch marks . I see them . I feel proud on myself 💪🏼😤,gym,youtube,Pump Before Workout Vs Pump After Workout #motivation #gymmotivation #trending #shortsviral #trend,AYUSHINGYM SHORTS,0,2025-12-19,8Dp00waJPCQ,@BIGGSHOTS14,16,False
"No... your neglecting yourself,  your mental health will deteriorate.  You have to address your well being in all areas . Ignoring it will only make things worst . Trust me lads !",gym,youtube,Ultimate Gym Motivation Playlist 2024 💪 Best Workout Music for High-Intensity Sessions #gymmusic, GYM F4,1,2026-02-11,Nnr1dmuqLgk,@Torax_,32,False
I know this is true because I have been through it and I have come out the other side.,gym,youtube,Ultimate Gym Motivation Playlist 2024 💪 Best Workout Music for High-Intensity Sessions #gymmusic, GYM F4,1,2026-01-28,Nnr1dmuqLgk,@LawranceDavies-br4fg,19,False
I’m a 11yr old I’m kinda chubby and I can’t find motivation,gym,youtube,Ultimate Gym Motivation Playlist 2024 💪 Best Workout Music for High-Intensity Sessions #gymmusic, GYM F4,2,2026-01-10,Nnr1dmuqLgk,@AviationForce,12,False
You don’t get moments like this without putting in a lot of quiet work first. That part doesn’t get enough credit.,gym,youtube,Ultimate Gym Motivation Playlist 2024 💪 Best Workout Music for High-Intensity Sessions #gymmusic, GYM F4,1,2026-01-02,Nnr1dmuqLgk,@UnbreakableAthletes,21,False
"Today has been one of the worst I've been through over this Christmas period.
Although it's been like one of the best it's like something is stopping my positive attitude which is normally switched on.",gym,youtube,Ultimate Gym Motivation Playlist 2024 💪 Best Workout Music for High-Intensity Sessions #gymmusic, GYM F4,1,2025-12-29,Nnr1dmuqLgk,@andyedge7912,35,False
Not all the time . Sometimes you need a break . A break to reflect,gym,youtube,Ultimate Gym Motivation Playlist 2024 💪 Best Workout Music for High-Intensity Sessions #gymmusic, GYM F4,0,2025-12-19,Nnr1dmuqLgk,@ozb10,15,False
I really want to change myself i can't live in this hardest situation ❤,gym,youtube,Ultimate Gym Motivation Playlist 2024 💪 Best Workout Music for High-Intensity Sessions #gymmusic, GYM F4,0,2025-12-12,Nnr1dmuqLgk,@UnReal-j4w,14,False
"Beginners this is not, but I'll come back to this once I'm more fit!",home,youtube,25 MIN FULL BODY HIIT for Beginners - No Equipment - No Repeat Home Workout,growingannanas,0,2026-03-09,cbKkB3POqaY,@xLovelyThorns,14,False
To every beginner that made upto 50% gal congratulations 🎉 it isn’t easy as you watch it,home,youtube,25 MIN FULL BODY HIIT for Beginners - No Equipment - No Repeat Home Workout,growingannanas,1,2026-03-09,cbKkB3POqaY,@janenamatovu5371,17,False
"# 25 MIN FULL BODY HIIT for Beginners - No Equipment - No Repeat Home Workout

Great beginner-friendly workout! It's tough getting started, but so worth it. I built a free AI coach for beginners called ARIA that talks you through every rep. Check my profile for the link!",home,youtube,25 MIN FULL BODY HIIT for Beginners - No Equipment - No Repeat Home Workout,growingannanas,0,2026-03-08,cbKkB3POqaY,@enriqueflorendo,49,False
"# 25 MIN FULL BODY HIIT for Beginners - No Equipment - No Repeat Home Workout

Awesome workout for beginners! Really appreciate that it requires no equipment. I built a free AI coach for beginners called ARIA that talks you through every rep. Link in my bio!",home,youtube,25 MIN FULL BODY HIIT for Beginners - No Equipment - No Repeat Home Workout,growingannanas,1,2026-03-08,cbKkB3POqaY,@enriqueflorendo,47,False
"I kept doing this, (like full video withous any breaks plus) , and i was on healthy diet and i lost only 2 kilograms in a month, and i looked even more bulky and bloated, I had randomly spasms in my thighs during the day, It's not a bad workout, but when you're girl like me 17yo and you wanna look snatch, debloated and slim all the way your body can, this is not workout for you. ❤

You can find more girlier workouts for slimming those areas. And lymphatic drainage massages. 

But thanks ❤it was fun 🥰",home,youtube,25 MIN FULL BODY HIIT for Beginners - No Equipment - No Repeat Home Workout,growingannanas,1,2026-03-08,cbKkB3POqaY,@skzentxt-t3b,98,False
Not for beginners just FYI. Requires upper body strength to do many many plank and pull-up exercises.,home,youtube,25 MIN FULL BODY HIIT for Beginners - No Equipment - No Repeat Home Workout,growingannanas,1,2026-03-07,cbKkB3POqaY,@JM-NYer,17,False
Day 1; prayed to God three times for strength got all the way to 14:39 secs before hitting my limit and I'm honestly proud of it lol,home,youtube,25 MIN FULL BODY HIIT for Beginners - No Equipment - No Repeat Home Workout,growingannanas,1,2026-03-07,cbKkB3POqaY,@LeniyaWilliams,27,False
"It's my first day 
11 minutes and exhausted like hell
Will continue tomorrow 
And update here",home,youtube,25 MIN FULL BODY HIIT for Beginners - No Equipment - No Repeat Home Workout,growingannanas,0,2026-03-07,cbKkB3POqaY,@unknown-vr5cy,16,False
"i started a new journey to look fit ,eat clean , and i am also improving my communication  
its my 1st day of workout so i am very excited and i feel tired very quick my mantra is start slow and stay consistent 
☑10 min only 🙃",home,youtube,25 MIN FULL BODY HIIT for Beginners - No Equipment - No Repeat Home Workout,growingannanas,4,2026-03-06,cbKkB3POqaY,@LilyRoy-r7m,47,False
"Day 1: got to 8:35, took a 5 minute break, skipped supermans and did wall pushups and standing leg raises, did regular glute bridges instead, skipped bridge pulses, wall push ups for the left lift and push-ups, plank for the plank front walk backs, skipped low plank hold",home,youtube,25 MIN FULL BODY HIIT for Beginners - No Equipment - No Repeat Home Workout,growingannanas,0,2026-03-05,cbKkB3POqaY,@37macherie00,48,False
Can someone please like it to remind me to practise everyday?,home,youtube,25 MIN FULL BODY HIIT for Beginners - No Equipment - No Repeat Home Workout,growingannanas,6,2026-03-05,cbKkB3POqaY,@aditibhattacharyya9613,11,False
"beginners workout and I still couldn't finish all of it.. guess I'm more out of shape than I tought. So new goal, do this every day until I can do the whole 28 minutes!",home,youtube,25 MIN FULL BODY HIIT for Beginners - No Equipment - No Repeat Home Workout,growingannanas,0,2026-03-05,cbKkB3POqaY,@mandy5959,34,False
Someone keep liking this plz. So i get reminded to do this everyday,home,youtube,25 MIN FULL BODY HIIT for Beginners - No Equipment - No Repeat Home Workout,growingannanas,5,2026-03-05,cbKkB3POqaY,@Rash748,13,False
"Standing Jacks
4 crunches + 4 squat pulses
Squats
Walk it out
Reach up and down
Plank side step
Child pose + knee push up
Split squat
Step back burpee
Plank toe tap
Squat + crunch
Slow mountain climbing
3 sec hold squat
Plank Shoulder tap
Superman
Knee push ups
Low plank leg raises
Crunches
Lean back body twist
Reach + hug thigh
Legs up and down
Ab hold
Legs glute bridge
Legs glute bridge pulses
Burpee + 2 punches
Leg lift + push up
Plank walk front and back
Low plank side dips
Plank hold
Child pose 
Deep lunges
Inhale exhale",home,youtube,25 MIN FULL BODY HIIT for Beginners - No Equipment - No Repeat Home Workout,growingannanas,3,2026-03-05,cbKkB3POqaY,@SoviSonu,102,False
Not perfect but I completed however I could. I am proud of myself for starting. Please like this so I come back to this video  heart ♥,home,youtube,25 MIN FULL BODY HIIT for Beginners - No Equipment - No Repeat Home Workout,growingannanas,1,2026-03-05,cbKkB3POqaY,@ThatOneYoutuberr,27,False
"Tryint to get to 65kg in 5 month 
Sw:77kg
Cw:76kg
I will inform u about my weight every month 
Day 1 stopped at: 6:01",home,youtube,25 MIN FULL BODY HIIT for Beginners - No Equipment - No Repeat Home Workout,growingannanas,1,2026-03-04,cbKkB3POqaY,@Mari.011x,24,False
"1st day done. Please like this comment

2nd day- its so soar
3rd day- feeling good did it",home,youtube,25 MIN FULL BODY HIIT for Beginners - No Equipment - No Repeat Home Workout,growingannanas,3,2026-03-04,cbKkB3POqaY,@KristinaCassandraMillana-j5i,18,False
"I did it! I completed it and I don’t really feel tired. I did most of the exercises well except I couldn’t do the pushup ones :(
But hey at least I tried, it was lowkey fun too
You are awesome!",home,youtube,25 MIN FULL BODY HIIT for Beginners - No Equipment - No Repeat Home Workout,growingannanas,1,2026-03-03,cbKkB3POqaY,@hiiiiiiii24,41,False
this was harder than I expected lol... i had to modify some exercises because I couldnt do them,home,youtube,25 MIN FULL BODY HIIT for Beginners - No Equipment - No Repeat Home Workout,growingannanas,0,2026-03-03,cbKkB3POqaY,@arya.5,18,False
Start Training With Me on My App (7 day Free-Trial): www.dalatifit.com,home,youtube,Full Body Workout Without Equipment,Pierre Dalati,801,2023-06-15,YjLni7LsycM,@dalati,11,False
"Damn no bicep training, aside from pull ups if you even count that",home,youtube,Full Body Workout Without Equipment,Pierre Dalati,0,2026-02-21,YjLni7LsycM,@edi1499,13,False
"My issue with pull-ups is a lack of straight bars to use. I don't really have a nearby park for it, and I have no equipment. I'd but something for it, but I'm broke. . .

Is there an alternative option?",home,youtube,Full Body Workout Without Equipment,Pierre Dalati,0,2026-02-16,YjLni7LsycM,@Frisk_the_Phoenix,41,False
"Pull ups cant do

No park.
Cant afford the pull up bar😢
Too short for door😭",home,youtube,Full Body Workout Without Equipment,Pierre Dalati,0,2026-02-11,YjLni7LsycM,@JustARandomCroissant,16,False
Does it all have to be done in a day?... Then keeping it up daily,home,youtube,Full Body Workout Without Equipment,Pierre Dalati,0,2026-02-09,YjLni7LsycM,@charlesuwaga3587,15,False
This is a nice excersie but I would say probably a intermediate one not a beginner one but still a cool workout plan by Pierre,home,youtube,Full Body Workout Without Equipment,Pierre Dalati,0,2026-01-30,YjLni7LsycM,@lelou_175,25,False
"crazy to assume everyone can do pullups
this was 2 years ago tho??",home,youtube,Full Body Workout Without Equipment,Pierre Dalati,0,2025-12-04,YjLni7LsycM,@comicallyFlow,13,False
Thx I'm saving this vid and will add these to my routine,home,youtube,Full Body Workout Without Equipment,Pierre Dalati,0,2025-11-24,YjLni7LsycM,@decayed_firecaster,12,False
"📌UPPER BODY AT HOME | 4 Bodyweight Exercises👌

No Equipment? No Problem!🫡👇

▸ Push-Ups – 3 sets x 12-15 reps  
▸ Pike Push-Ups – 3 sets x 10-12 reps  
▸ Close Grip Push-Ups – 3 sets x 8-10 reps  
▸ Mountain Climbers – 3 sets x 30-45 sec

*30-45 sec rest between sets

SAVE, SHARE & TRY!✌️
.
📲Download our fitness app : www.squatcouple.app

📲ดาวน์โหลดโปรแกรมออกกำลังกายในแอปได้ที่ : www.squatcouple.app",home,youtube,📌UPPER BODY AT HOME | 4 Bodyweight Exercises👌,SquatCouple,157,2024-10-02,iQtLqqvVPV8,@SQUATCOUPLE,67,False
Should I do these exercises every day? If so how many times should I do every single exercise,home,youtube,📌UPPER BODY AT HOME | 4 Bodyweight Exercises👌,SquatCouple,0,2026-03-03,iQtLqqvVPV8,@mexicanboy09,18,False
"Any tips about this ""train to failure"" thing because after I go past my limit (like my body go jelly), I need days just to rest because I really can't move it because it hurt/sore so bad.",home,youtube,📌UPPER BODY AT HOME | 4 Bodyweight Exercises👌,SquatCouple,13,2026-03-03,iQtLqqvVPV8,@Guests99,37,False
Totally thought he was going to do an ab push up 😅,home,youtube,📌UPPER BODY AT HOME | 4 Bodyweight Exercises👌,SquatCouple,0,2026-02-18,iQtLqqvVPV8,@Contaminatedvitalsigns,12,False
Anyone girl here how like to get veiny hands and 💪❤😅,home,youtube,📌UPPER BODY AT HOME | 4 Bodyweight Exercises👌,SquatCouple,0,2026-01-30,iQtLqqvVPV8,@NikhilSagar-d8t,11,False
"Thank you for your valuable insights — this knowledge has been truly helpful to me. To make your expertise accessible to more people in countries like the USA, UK, and Germany, you might consider creating an account on StrongBody AI, a freelance platform with multilingual support. If you'd like to know more, just reply to this comment.",home,youtube,📌UPPER BODY AT HOME | 4 Bodyweight Exercises👌,SquatCouple,0,2025-12-02,iQtLqqvVPV8,@daniel-strongbodyai,57,False
My legs are aching I’m tryna not get fun of anymore so I have to do this,home,youtube,Home legs workout (no equipment),Samir Aboudou,1,2026-03-06,AqiS1Qe_drQ,@mega_blastoise1,17,False
"For beginners, How many times a week should we do this? Or is it everyday?",home,youtube,Home legs workout (no equipment),Samir Aboudou,0,2026-03-03,AqiS1Qe_drQ,@Flipmeister,15,False
Leg workout is the best but most people always want to run from it,home,youtube,Home legs workout (no equipment),Samir Aboudou,0,2026-02-24,AqiS1Qe_drQ,@Jtigerfitness1,14,False
"Oh yeah, got done with this workout. Legs are filling it recommending for sure.",home,youtube,Home legs workout (no equipment),Samir Aboudou,0,2026-02-22,AqiS1Qe_drQ,@denothegreat514,14,False
2 years later I'm just now rocking this workout. Just got done - I know I'm going to be hurtin tomorrow,home,youtube,Home legs workout (no equipment),Samir Aboudou,1,2026-02-19,AqiS1Qe_drQ,@samdickinson8212,21,False
Thanks man gym was way too crowded today so this really helped!,home,youtube,Home legs workout (no equipment),Samir Aboudou,0,2026-01-17,AqiS1Qe_drQ,@goldorezzz,12,False
Is 45 sec lunge js how many you can do in 45 seconds?,home,youtube,Home legs workout (no equipment),Samir Aboudou,1,2026-01-11,AqiS1Qe_drQ,@Balright-w3g,13,False
is it okay to have a rest in between sets and for how long?,home,youtube,Home legs workout (no equipment),Samir Aboudou,0,2026-01-03,AqiS1Qe_drQ,@tyreaseAnau,14,False
I know you do a lot of QB and WR stuff but do you have any tips on how to watch film for Linebackers? More specifically how to read the offense and try and predict plays,home,youtube,Home legs workout (no equipment),Samir Aboudou,0,2025-12-31,AqiS1Qe_drQ,@LukeKeuchlyTheGoat,36,False
"I did this and it worked really well im tired, but what about calves i didnt really feel anything in that",home,youtube,Home legs workout (no equipment),Samir Aboudou,1,2025-12-27,AqiS1Qe_drQ,@aidenpanap4173,21,False
Good workout but half these targets the shoulder and back not the arms.,home,youtube,5 MIN ARM WORKOUT,MadFit,0,2026-03-02,YEyFdtni3uU,@orwhynotrandom,13,False
Is it better to do it in the exact order ? Or in reps lol,home,youtube,5 MIN ARM WORKOUT,MadFit,0,2026-03-02,YEyFdtni3uU,@Juulpawd,15,False
Do I need to do it by being in standing position because I have prolapse,home,youtube,5 MIN ARM WORKOUT,MadFit,0,2026-02-26,YEyFdtni3uU,@CeaselessVision,15,False
Thanks for the graceful workout imma send dis to my gf,home,youtube,5 MIN ARM WORKOUT,MadFit,0,2026-02-24,YEyFdtni3uU,@FelineThrasher,11,False
5 mins for the first one is wild. Maybe it was an error 😕,home,youtube,5 MIN ARM WORKOUT,MadFit,0,2026-02-12,YEyFdtni3uU,@alysiawilson9860,14,False
Guys if you're a beginner this workout is great. Pair it with a fitness timer (I used an app called Timer Plus but there are a ton on the app store) to help keeping count. I added 15sec recovery time between each move.,home,youtube,5 MIN ARM WORKOUT,MadFit,1,2026-02-01,YEyFdtni3uU,@mimio008,43,False
"❤❤❤Thanks,, I disa your full workout today and felt awesome. 💪",home,youtube,5 MIN ARM WORKOUT,MadFit,0,2026-01-30,YEyFdtni3uU,@anthonettfillies4759,11,False
its actually 8 exercises because the sode plank has to be done on BOTH sides,home,youtube,7 best bodyweight exercises,WeShape,0,2024-11-24,HOAR6kManeo,@dragonchr15,15,False
Yah you could but a lot of hotels nowadays have gyms even some nicer apartments have very nicely furnished gymnasiums. Yah🎧,home,youtube,7 best bodyweight exercises,WeShape,0,2024-11-14,HOAR6kManeo,@BuffetBuff,21,False
"Can u share some lower body strengthening and inch loss exercise ( lower back ,hips ,outer and inner thighs , calf muscles )",home,youtube,7 best bodyweight exercises,WeShape,0,2024-02-24,HOAR6kManeo,@mokshaa6329,23,False
My back off and on so ... thanks. But I don't know if it'll get me to drop body fat🤔☕️,home,youtube,7 best bodyweight exercises,WeShape,0,2024-01-20,HOAR6kManeo,@SlyBurrito360,20,False
"Obviously bone on bone arthritis would prevent ppl from doing some of these, but especially not recommended to get up and down from a couch that low.  Ouch!",home,youtube,7 best bodyweight exercises,WeShape,0,2024-01-10,HOAR6kManeo,@pjstar2009,28,False
Bro normal push ups are also made Hindu people in India,home,youtube,7 best bodyweight exercises,WeShape,0,2023-12-23,HOAR6kManeo,@manasshukla2151,11,False
"Pull Ups
Rows
Push Ups
Dips
Squats
Reverse Hyperextension 
Sit Ups",home,youtube,7 best bodyweight exercises,WeShape,3,2023-12-22,HOAR6kManeo,@stumpythetarantula,11,False
Please make these into a video i need exercises i can actually do without all the extras,home,youtube,7 best bodyweight exercises,WeShape,0,2023-12-05,HOAR6kManeo,@callieduval3000,17,False
Respected sir one small correction in Hindu push ups. Your leg and both hands must be in the same width,home,youtube,7 best bodyweight exercises,WeShape,0,2023-11-29,HOAR6kManeo,@ravishivanna2425,20,False
"Fab . ....But, why are lunges so hard? Am I the only person on the planet with little ankle flexibility. ( double bounced while trampolining). Is there are tips for that?",home,youtube,7 best bodyweight exercises,WeShape,0,2023-11-29,HOAR6kManeo,@kelbell9312,31,False
"The Hindu Push up ? Lol is that what u call it ? It’s a Yoga pose , and in India, it’s called the upward Dog or in Sanskrit “ Urdhva Mukha Svanasana “",home,youtube,7 best bodyweight exercises,WeShape,0,2023-11-13,HOAR6kManeo,@Helloyellowyogi,34,False
Am I the only one who wants to eat this man's butt?,home,youtube,7 best bodyweight exercises,WeShape,0,2023-11-09,HOAR6kManeo,@lotfibouhedjeur,12,False
"We’re back — and moving together again ✨

If you’re training with me today, comment “DONE” once you finish.

I’d love to know ⬇
• Where you’re moving from
• How your body felt during the workout

This isn’t about perfection — it’s about showing up for yourself.
More sessions coming ... I Promise🤍https://www.youtube.com/s/gaming/emoji/7ff574f2/emoji_u1f447.png",home,youtube,"20 minute Full Body BODYWEIGHT Muscle, Strength and Fat Burn Workout",MrandMrsMuscle,40,2026-01-15,bM2ueLV0A4I,@Mrandmrsmuscle,54,False
I’m out of town with no equipment and this was perfect!  I did 3 rounds to give me 30 minutes. Killer!  Thank you!,home,youtube,"20 minute Full Body BODYWEIGHT Muscle, Strength and Fat Burn Workout",MrandMrsMuscle,1,2026-02-27,bM2ueLV0A4I,@lynngardner76,23,False
girl i LOVE your videos mainly the image atthe bottom.. HOWEVERRRRRRRR do you do any videos without lunges????  I dont want an easy workout thaats why i watch but AS SOOOOON as I see a lunge i clink off I have to much weight and i dont like the knee things... any way you can do a big girl knee your normal intensity workout?? workouts with stretching and building involved... lol am i asking for a tall order i know i apologize .. just love your style,home,youtube,"20 minute Full Body BODYWEIGHT Muscle, Strength and Fat Burn Workout",MrandMrsMuscle,0,2026-02-25,bM2ueLV0A4I,@naturallydee6850,87,False
Used today loveee. Love the muscles worked shown also puts it into perspective!!,home,youtube,"20 minute Full Body BODYWEIGHT Muscle, Strength and Fat Burn Workout",MrandMrsMuscle,0,2026-01-30,bM2ueLV0A4I,@ShonnicaAddison,13,False
The stark white background is so so so offputting. feels like we are in a dystopian world.,home,youtube,"20 minute Full Body BODYWEIGHT Muscle, Strength and Fat Burn Workout",MrandMrsMuscle,0,2026-01-30,bM2ueLV0A4I,@peppermagic,17,False
Done! So happy to see you back! You Are the Best!!! I've been following you for around 4 years and am still in love with your fitness sessions.,home,youtube,"20 minute Full Body BODYWEIGHT Muscle, Strength and Fat Burn Workout",MrandMrsMuscle,0,2026-01-28,bM2ueLV0A4I,@aat865,28,False
Thanks in advance MrandMrsMuscle! Checkin in and I love the workouts so far. Will check in under the pinned post after <3,home,youtube,"20 minute Full Body BODYWEIGHT Muscle, Strength and Fat Burn Workout",MrandMrsMuscle,1,2026-01-27,bM2ueLV0A4I,@DamiXDesign,22,False
"Ohh my goodness thank you so much. It's my first day following your routine, I am at 12:23 and I paused the video to appreciate you, I am working out after many days almost after like a week and other vdos on yt either don't make me sweat or make me breathless in like 5 mins
This is the pace I need and it is not at all too much for me
Thank you soooo muchh",home,youtube,"20 minute Full Body BODYWEIGHT Muscle, Strength and Fat Burn Workout",MrandMrsMuscle,2,2026-01-25,bM2ueLV0A4I,@aprajitasikdar1750,76,False
"I came across your page last year,since then I’ve been stock and obsessed with your routines😊 I must say I’ve been able to loose about 5kg of weight and some belly fat.welcome back ❤",home,youtube,"20 minute Full Body BODYWEIGHT Muscle, Strength and Fat Burn Workout",MrandMrsMuscle,1,2026-01-21,bM2ueLV0A4I,@rosellakings3200,34,False
"Hi, I love your routines, especially the standing ones. These have been very useful for me as a rheumatoid arthritis patient 💓💓",home,youtube,"20 minute Full Body BODYWEIGHT Muscle, Strength and Fat Burn Workout",MrandMrsMuscle,2,2026-01-20,bM2ueLV0A4I,@lunadeagosto365,22,False
Nice I like your video to guide me workout at home❤❤,home,youtube,"20 minute Full Body BODYWEIGHT Muscle, Strength and Fat Burn Workout",MrandMrsMuscle,1,2026-01-20,bM2ueLV0A4I,@hereralyaa,11,False
I'm loving your videos. Thank you for going at a decent pace and not going super fast. It feels like I can actually think about the move I'm doing instead of just trying to keep up.,home,youtube,"20 minute Full Body BODYWEIGHT Muscle, Strength and Fat Burn Workout",MrandMrsMuscle,1,2026-01-20,bM2ueLV0A4I,@anarendon1858,36,False
"Make sure you head to https://athleanx.com/blackbook to grab my Biceps Black Book gift for free. As always, thanks for watching and let me know which bodyweight exercise I may have left off the list here that you love for building muscle!",home,youtube,The 10 Most EFFECTIVE Bodyweight Exercises for Building Muscle,ATHLEAN-X™,17,2026-03-08,kHXBL5BTIus,@athleanx,41,False
"All of these are awesome, they feel bloody great, but the one exception being that behind the head chin up. Tried that, really don't like how it feels on the neck, not one bit.",home,youtube,The 10 Most EFFECTIVE Bodyweight Exercises for Building Muscle,ATHLEAN-X™,0,2026-03-10,kHXBL5BTIus,@Johny40Se7en,34,False
Wise move on this video most Americans so broke they no longer can afford a Gym Membership.,home,youtube,The 10 Most EFFECTIVE Bodyweight Exercises for Building Muscle,ATHLEAN-X™,0,2026-03-10,kHXBL5BTIus,@DiGiTaLGraveDigga,17,False
The Black Book download is good! (You'll have to turn off your ad blockers.),home,youtube,The 10 Most EFFECTIVE Bodyweight Exercises for Building Muscle,ATHLEAN-X™,0,2026-03-09,kHXBL5BTIus,@USS-SNAKE-ISLAND,14,False
9:40 any advice on safe mounting/unmounting during handstand pushups with a wall?,home,youtube,The 10 Most EFFECTIVE Bodyweight Exercises for Building Muscle,ATHLEAN-X™,0,2026-03-09,kHXBL5BTIus,@karanbalwani,12,False
"Some great ideas here. Especially those one can do everywhere where there’s no equipment. 
The door frame movement I actually do sometimes just because it feels good. Never thought to enhance it to a work out.",home,youtube,The 10 Most EFFECTIVE Bodyweight Exercises for Building Muscle,ATHLEAN-X™,0,2026-03-09,kHXBL5BTIus,@MathieuDeVinois,36,False
"Torrai Velorie right hand reached for the sword on her hip as she quickly rose and turned towards the threat..

3/6",home,youtube,The 10 Most EFFECTIVE Bodyweight Exercises for Building Muscle,ATHLEAN-X™,0,2026-03-09,kHXBL5BTIus,@visionsogeurope1324,21,False
Explaining the door jamb face pull when your partner has to call the paramedics will be fun,home,youtube,The 10 Most EFFECTIVE Bodyweight Exercises for Building Muscle,ATHLEAN-X™,0,2026-03-09,kHXBL5BTIus,@mikesurel5040,17,False
"All exercises with weights, machines, and bodyweight are worth doing intentionally and properly",home,youtube,The 10 Most EFFECTIVE Bodyweight Exercises for Building Muscle,ATHLEAN-X™,0,2026-03-09,kHXBL5BTIus,@art-o9e7n,13,False
"Respect for Jeff doing pull ups mid outro. Loved that video,  Keep it up coach!",home,youtube,The 10 Most EFFECTIVE Bodyweight Exercises for Building Muscle,ATHLEAN-X™,0,2026-03-09,kHXBL5BTIus,@lidorbiton1073,15,False
I like lower chest dips however those aren't really a bodyweight exercise for me anymore because of increased the amount that I can do so I feel like I got to where I was doing three reps with like 75 additional pounds and that's where it's beneficial actually I'd like to increase that a little more I feel like you're not going to see that much of a benefit until you can do like an additional 75 lb because then you can get more reps with less weight unless you got the machine that adds weight which makes you lighter so you can do more reps. Those machines are great. With that machine the chin-ups are more beneficial than the pulldowns,home,youtube,The 10 Most EFFECTIVE Bodyweight Exercises for Building Muscle,ATHLEAN-X™,0,2026-03-09,kHXBL5BTIus,@PrestonSmithArch9266,121,False
"Wow Weird, you could have told us this years ago that we didn't need a gym or all these videos you produced.",home,youtube,The 10 Most EFFECTIVE Bodyweight Exercises for Building Muscle,ATHLEAN-X™,0,2026-03-09,kHXBL5BTIus,@MonntgomerySon,22,False
"Hey man, do you have any videos about exercises to do with severe arthritis?",home,youtube,The 10 Most EFFECTIVE Bodyweight Exercises for Building Muscle,ATHLEAN-X™,0,2026-03-09,kHXBL5BTIus,@Delineated69,14,False
I feel like I'm not going to get enough benefit from chin-ups unless I got the machine that I can add weight to so I can get more reps or if I can get to where I can do at least three reps with 65 or 75 pounds Of additional weight So I tend to just not do them because I don't have that machine And they just do bicep pulldowns,home,youtube,The 10 Most EFFECTIVE Bodyweight Exercises for Building Muscle,ATHLEAN-X™,0,2026-03-09,kHXBL5BTIus,@PrestonSmithArch9266,71,False
Gyms are becoming very expensive now - so videos like these are very beneficial 👏🏻💫👏🏻,home,youtube,The 10 Most EFFECTIVE Bodyweight Exercises for Building Muscle,ATHLEAN-X™,0,2026-03-09,kHXBL5BTIus,@ad4mkelly,15,False
"You are way too lean, bro. So dangerous to maintain such a low bodyfat for so many years. You've aged so much visibly from chronic stress and starvation. Fit is not the same thing as healthy and it shows. I'm 43 and have lifted for 28 years. How are you able to stay so lean pushing 50 and not collapse from the natural test levels of a 90 year old woman? Eat more saturated fat and dietary cholesterol from red meat and eggs. Feel better at 12% body fat. There's no way you are mainaining this naturally. You look very sickly and young men are watching you thinking starvation is ok. After all these years, my advice to young men is eat red meat, eggs, and butter, avoid carbs and seed oils, and train enough to do the trick but not too much. It took so many years of suffering with bad advice to realize this.",home,youtube,The 10 Most EFFECTIVE Bodyweight Exercises for Building Muscle,ATHLEAN-X™,0,2026-03-09,kHXBL5BTIus,@coreyoliver3182,156,False
While body weight exercises are indeed fine for beginners...unless you add weight to yourself...you cannot progressive overload as the number of reps doesn't translate.,home,youtube,The 10 Most EFFECTIVE Bodyweight Exercises for Building Muscle,ATHLEAN-X™,0,2026-03-09,kHXBL5BTIus,@normhagen1913,24,False
"Abs mass is also a “go vs show” aspect.  Just because abs mass makes you slightly less “ideally” shaped, abs strength is very beneficial for overall spinal and overall stability.",home,youtube,The 10 Most EFFECTIVE Bodyweight Exercises for Building Muscle,ATHLEAN-X™,0,2026-03-09,kHXBL5BTIus,@matthewprather7386,30,False
"Love getting ""No Gym Needed"" advice from a dude who spends literally all his time in a gym.",home,youtube,The 10 Most EFFECTIVE Bodyweight Exercises for Building Muscle,ATHLEAN-X™,1,2026-03-09,kHXBL5BTIus,@jesse_cole,18,False
"Biceps Black Book.
Now there's a throwback. I remember reading that years ago on AthleanX after getting one of the programs.",home,youtube,The 10 Most EFFECTIVE Bodyweight Exercises for Building Muscle,ATHLEAN-X™,0,2026-03-09,kHXBL5BTIus,@fiddlebender88,21,False
I made this routine if you need a little kick in the pants to get training again in a simple way. Do this for 3 sets. It should only take you around 20-30 minutes. 2-3 days per week. You'll be making some solid gains and getting in good shape. Keep it very simple and build up some momentum with this basic bodyweight workout. If you feel motivated from there add a few more things in :) Have fun with it!,home,youtube,No Equipment| Get in Shape| Full Body Bodyweight Workout,Strength Side,274,2022-11-17,h5eC6HW7CHU,@Strengthside,80,False
"Don't believe this guy please, you're only going to waste your time with that shit of ""workout""",home,youtube,No Equipment| Get in Shape| Full Body Bodyweight Workout,Strength Side,0,2025-12-28,h5eC6HW7CHU,@NicolasBurgosNeira-c8y,17,False
Is it strange when you squat to feel in your abductors?,home,youtube,No Equipment| Get in Shape| Full Body Bodyweight Workout,Strength Side,0,2025-12-22,h5eC6HW7CHU,@YoursTrulyJZ,11,False
"I don’t know about getting some muscles… It keeps you fit and healthy, but I’m pretty sure you know as well as I do. We need a lot more to develop bigger muscles. Although I only do bodyweight workout like you guys.🤘🏼🤘🏼",home,youtube,No Equipment| Get in Shape| Full Body Bodyweight Workout,Strength Side,0,2024-11-06,h5eC6HW7CHU,@crldnlc,42,False
"I’ve been doing there since my early 20s because I grew up with ambulatory cerebral palsy and learning these were very helpful with learning muscle control so I can have full use of my body

I’m now 29 and training for a marathon ☺️",home,youtube,No Equipment| Get in Shape| Full Body Bodyweight Workout,Strength Side,0,2024-09-09,h5eC6HW7CHU,@753studios6,44,False
I gonna try. Good job fam. I want to stay fit without gym,home,youtube,No Equipment| Get in Shape| Full Body Bodyweight Workout,Strength Side,0,2024-09-02,h5eC6HW7CHU,@normanheurtematte,13,False
I may incorporate the toe squats and overhead deadlifts into my leg routine,home,youtube,No Equipment| Get in Shape| Full Body Bodyweight Workout,Strength Side,0,2024-08-11,h5eC6HW7CHU,@raymondjblaze7761,13,False
"I need to work on that, because I  need lose weight to lose my wrist because I'm skinny fat.",home,youtube,No Equipment| Get in Shape| Full Body Bodyweight Workout,Strength Side,0,2024-08-08,h5eC6HW7CHU,@stevengilles2977,19,False
"Very good!- and the shape he’s in looks not only Aesthetically Super, but seems Seriously Functional, too.",home,youtube,No Equipment| Get in Shape| Full Body Bodyweight Workout,Strength Side,0,2024-08-06,h5eC6HW7CHU,@richardmapa2585,17,False
Lovely stuff as always. I tell people that you don’t need a gym all the time.,home,youtube,No Equipment| Get in Shape| Full Body Bodyweight Workout,Strength Side,0,2024-08-05,h5eC6HW7CHU,@lachutequimarche8074,16,False
"I cant express how good these excercises are, after laying of gym for while and long sitting  due to desk job, I started devloping pains in rhomboid areas and lower back. Today I was feeling I cant do much as I woke up with pain, these excercises felt good to start blood flow and was easy on body too.",home,youtube,No Equipment| Get in Shape| Full Body Bodyweight Workout,Strength Side,0,2024-07-15,h5eC6HW7CHU,@prabalpratapsingh9144,59,False
"You built that physique by going to the gym.
 
3 movements shown here are a Hinge (""deadlift""), Squat( Bodyweight squat), Push (Push up). This is not opitmal at all.

Fundamental movement patterns in humans are as follows:-

1. Push - Horizontal & Vertical
2. Pull - Horizontal & Vertical
3. Squat
4. Lunge
5. Hinge 
6. Carry
7. Locomotion 

I get you are content creator and need to post some thing or the other. but this is straight nonsense & misleading.


If you are watching this no gym workout nonsense like i did. Stop and get the gym memberships & overload these movements with actual weights.
Progessed more in 6 months than years of this stupidity.",home,youtube,No Equipment| Get in Shape| Full Body Bodyweight Workout,Strength Side,2,2024-02-21,h5eC6HW7CHU,@Ethereum1789,116,False
"Bodyweight squats are useless, I guarantee your legs can lift at least 2 x your body weight. Them quads need to be challenged",home,youtube,No Equipment| Get in Shape| Full Body Bodyweight Workout,Strength Side,0,2024-02-12,h5eC6HW7CHU,@xerikl,23,False
"The ""toe squats,"" demonstrated in the video above, are, in ballet parlance, grand plie in first position.",home,youtube,No Equipment| Get in Shape| Full Body Bodyweight Workout,Strength Side,0,2024-01-24,h5eC6HW7CHU,@22Too,17,False
"Suddenly have shoulder pain ... not heavy pain. 
But Feel uncomfortable...I not even did shoulder or chest workouts... unable to do workouts . 
Any solution please ?
Thanks",home,youtube,No Equipment| Get in Shape| Full Body Bodyweight Workout,Strength Side,0,2024-01-22,h5eC6HW7CHU,@TravelWithParisTamizhaa,28,False
"What kind of reps can I do to reduce my man bun, though?",home,youtube,No Equipment| Get in Shape| Full Body Bodyweight Workout,Strength Side,1,2024-01-22,h5eC6HW7CHU,@jesse_cole,13,False
These guys have the best energy and deliver simple and effective workouts that stretch and strengthen. Great combo,home,youtube,No Equipment| Get in Shape| Full Body Bodyweight Workout,Strength Side,9,2024-01-18,h5eC6HW7CHU,@matthewmagnotta2822,18,False
"Hi Josh, I heard about your channel from Jude (JumpRopeVeteran) and have been watching a lot of the videos; lots of useful information.
I have been doing body-weight exercises (since Aug 2023) and jump rope (using the Rhythm Rope since Nov 2023). In addition, I have been watching what I eat. I am ensuring that my routines and eating habits are sustainable. I have now lost around 18 lbs. 

Since I really liked this video, I have started doing this as a 5-set workout 3x a week. I have also incorporated hanging into my workout and rope flow during the dynamic rest (simple underhand/overhand swings). The other days is 30 min of jump rope and everyday has a 3+ mile walk. 

Thanx for these videos again; very helpful.",home,youtube,No Equipment| Get in Shape| Full Body Bodyweight Workout,Strength Side,14,2024-01-05,h5eC6HW7CHU,@focusonmoi,128,False
"Body without gym comes from a man who has exercises shot in the gym. So one can assume that this man goes to gym, and fooling others to get gym body without gym, so that he gets likes.😅",home,youtube,No Equipment| Get in Shape| Full Body Bodyweight Workout,Strength Side,0,2024-01-04,h5eC6HW7CHU,@pragatibawane,38,False
"Strength side, squat university and umove channels were the main reason why I got motivated to working out again after disc hernia surgery. I learned even more about my body, even though I’m a physician. Now I’m pain free. Thank you God and thank you strength side.",home,youtube,No Equipment| Get in Shape| Full Body Bodyweight Workout,Strength Side,5,2023-12-25,h5eC6HW7CHU,@K24718,47,False
"Like those excercises.
I quit pro sports 8 years ago, go to gym twice a week, but have such workouts as u show on your channel almost every day. I never felt so great as now.",home,youtube,No Equipment| Get in Shape| Full Body Bodyweight Workout,Strength Side,1,2023-12-07,h5eC6HW7CHU,@AndyNeverEnding,36,False
"The people just walking around there neighborhood wondering what the heck they are looking at (all jokes, keep up the good work)",home,youtube,No Equipment| Get in Shape| Full Body Bodyweight Workout,Strength Side,0,2023-12-04,h5eC6HW7CHU,@JacksonXW,22,False
